Stock,Symbol,Type,Shares Held,Market Value,% of Portfolio,Previous % of Portfolio,Ranking,Change in shares,% Change,Change Type,% Ownership,Qtr first owned,sector,source_type,source_date,Avg Price
Vanguard ftse emerging markets etf,VWO,"",68962380.0,3166063000.0,25.9197,25.8219,1,-19380038.0,-21.93741,reduction,No Data,Q4 2009,FINANCE,"","",40.117
Spdr s&p 500 etf trust,SPY,"",9466201.0,2526150000.0,20.6809,15.9832,2,-17130.0,-0.180633,reduction,No Data,Q4 2007,FINANCE,"","",143.5081
Ishares msci emerging index fund,EEM,"",32615729.0,1536853000.0,12.5818,19.6718,3,-32823279.0,-50.158583,reduction,No Data,Q1 2010,FINANCE,"","",40.3273
Ishares core msci emerging markets etf,IEMG,"",15553096.0,884971000.0,7.245,8.9849,4,-9239675.0,-37.267617,reduction,No Data,Q3 2016,FINANCE,"","",51.3318
Spdr gold trust,GLD,"",3908999.0,483348000.0,3.957,3.1768,5,14091.0,0.36178,addition,No Data,Q2 2017,MATERIALS,"","",121.0618
Ishares msci brazil capped etf,EWZ,"",7727872.0,312592000.0,2.5591,1.9028,6,924497.0,13.5888,addition,No Data,Q1 2016,FINANCE,"","",32.9384
Ishares iboxx investment grade corporate bond fund,LQD,"",2474272.0,300773000.0,2.4623,1.9697,7,52310.0,2.159819,addition,No Data,Q4 2010,FINANCE,"","",118.6841
Ishares 20+ year treasury bond etf,TLT,"",2114274.0,268217000.0,2.1958,1.7534,8,19345.0,0.92342,addition,No Data,Q2 2017,FINANCE,"","",124.9047
Ishares tips bond etf,TIP,"",1940184.0,221336000.0,1.812,1.4734,9,6440.0,0.333033,addition,No Data,Q2 2017,FINANCE,"","",113.4863
Ishares iboxx $ high yield corp bond etf,HYG,"",2528084.0,220601000.0,1.806,1.4004,10,176255.0,7.49438,addition,No Data,Q2 2016,FINANCE,"","",88.3926
Ishares core s&p 500 etf,IVV,"",811273.0,218111000.0,1.7856,1.3858,11,-5450.0,-0.667301,reduction,No Data,Q3 2010,FINANCE,"","",220.7278
Ishares jp morgan usd emerging markets b,EMB,"",1779997.0,206658000.0,1.6919,1.3875,12,3438.0,0.19352,addition,No Data,Q2 2017,FINANCE,"","",115.6333
Vanguard ftse developed markets etf,VEA,"",3866359.0,173445000.0,1.4199,1.126,13,0.0,0.0,,No Data,Q2 2017,FINANCE,"","",42.6547
Ishares msci eafe index fund,EFA,"",2448346.0,172143000.0,1.4093,1.1248,14,0.0,0.0,,No Data,Q2 2017,FINANCE,"","",67.2996
Ishares core msci eafe etf,IEFA,"",2386694.0,157737000.0,1.2914,1.0274,15,0.0,0.0,,No Data,Q2 2017,FINANCE,"","",63.0178
Ishares gold trust,IAU,"",11315785.0,141560000.0,1.1589,0.9316,16,34792.0,0.308413,addition,No Data,Q2 2017,MATERIALS,"","",12.2098
Pg&e corp. (pacific gas & electric),PCG,"",846531.0,37950000.0,0.3107,,17,846531.0,,new,0.1645603,Q4 2017,UTILITIES AND TELECOMMUNICATIONS,"","",44.83
Ishares msci taiwan capped etf,EWT,"",980509.0,35504000.0,0.2907,0.2379,18,-1862.0,-0.189541,reduction,No Data,Q2 2017,FINANCE,"","",35.76
Ishares msci south korea capped etf,EWY,"",446669.0,33469000.0,0.274,0.4178,19,-455220.0,-50.474061,reduction,No Data,Q3 2016,FINANCE,"","",55.841
Cvs health corp. (melville shoe),CVS,"",420695.0,30500000.0,0.2497,,20,420695.0,,new,0.0415300,Q4 2017,CONSUMER STAPLES,"","",72.5
Celgene corp.,CELG,"",290776.0,30345000.0,0.2484,0.0834,21,205490.0,240.942241,addition,0.0369324,Q1 2016,HEALTH CARE,"","",113.519
Cardinal health  inc.,CAH,"",475692.0,29146000.0,0.2386,,22,475692.0,,new,0.1512053,Q4 2017,HEALTH CARE,"","",61.27
Walgreens boots alliance inc.,WBA,"",393897.0,28605000.0,0.2342,0.0574,23,283004.0,255.204567,addition,0.0397731,Q1 2017,CONSUMER STAPLES,"","",74.331
Gamestop corp.  class a,GME,"",1477511.0,26521000.0,0.2171,0.1789,24,187015.0,14.491715,addition,1.4584059,Q3 2016,CONSUMER DISCRETIONARY,"","",23.4387
Southwestern energy co.,SWN,"",4496246.0,25089000.0,0.2054,0.161,25,569383.0,14.499691,addition,0.7654097,Q3 2016,ENERGY,"","",7.9742
Bed bath & beyond inc.,BBBY,"",1111621.0,24445000.0,0.2001,0.2104,26,-224433.0,-16.798198,reduction,0.7805779,Q2 2014,CONSUMER DISCRETIONARY,"","",34.1093
Cliffs natural resources inc.,CLF,"",3326102.0,23981000.0,0.1963,0.133,27,553957.0,19.982973,addition,1.1217504,Q1 2017,MATERIALS,"","",7.6194
Alliance data systems corp,ADS,"",83703.0,21217000.0,0.1737,0.1953,28,-47710.0,-36.305388,reduction,0.1514986,Q3 2015,INFORMATION TECHNOLOGY,"","",220.0552
Ppl corp. (pennsylvania power & light),PPL,"",676739.0,20945000.0,0.1715,,29,676739.0,,new,0.0982975,Q4 2017,UTILITIES AND TELECOMMUNICATIONS,"","",30.95
Micron technology  inc.,MU,"",484884.0,19938000.0,0.1632,0.0264,30,384901.0,384.966444,addition,0.0419334,Q1 2017,INFORMATION TECHNOLOGY,"","",40.7509
Kimberly-clark corp.,KMB,"",154265.0,18614000.0,0.1524,0.1064,31,19495.0,14.465385,addition,0.0439376,Q3 2017,CONSUMER STAPLES,"","",118.0566
Endo international plc,ENDP,"",2122848.0,16452000.0,0.1347,0.1133,32,150629.0,7.637539,addition,0.9506283,Q3 2016,HEALTH CARE,"","",12.556
Edison international (southern california edison),EIX,"",255910.0,16184000.0,0.1325,,33,255910.0,,new,0.0785458,Q4 2017,UTILITIES AND TELECOMMUNICATIONS,"","",63.24
Freeport-mcmoran copper & gold  inc,FCX,"",844766.0,16017000.0,0.1311,0.0932,34,-145100.0,-14.65855,reduction,0.0585018,Q1 2012,MATERIALS,"","",12.3962
Costco co.,COST,"",83954.0,15626000.0,0.1279,0.0187,35,67017.0,395.684005,addition,0.0191135,Q3 2017,CONSUMER STAPLES,"","",181.716
Chipotle mexican grill  inc.,CMG,"",49401.0,14278000.0,0.1169,,36,49401.0,,new,0.1749947,Q2 2017,CONSUMER DISCRETIONARY,"","",289.03
Royal bank of canada (nyse),RY,"",172551.0,14137000.0,0.1157,0.1516,37,-120137.0,-41.046097,reduction,0.0118353,Q2 2017,FINANCE,"","",72.52
United therapeutics corp,UTHR,"",93723.0,13866000.0,0.1135,0.0729,38,953.0,1.027272,addition,0.2169012,Q4 2015,HEALTH CARE,"","",124.9538
Western union co (the),WU,"",684822.0,13018000.0,0.1066,0.0905,39,-17745.0,-2.525738,reduction,0.1491045,Q1 2014,FINANCE,"","",19.1592
Toronto-dominion bank (the),TD,"",217556.0,12788000.0,0.1047,0.1394,40,-152260.0,-41.171826,reduction,0.0117688,Q2 2017,FINANCE,"","",50.38
Tjx companies inc.,TJX,"",322304.0,12322000.0,0.1009,0.0752,41,18164.0,5.97225,addition,0.0253276,Q3 2016,CONSUMER DISCRETIONARY,"","",74.4295
Oracle corp,ORCL,"",258428.0,12218000.0,0.1,,42,258428.0,,new,0.0062428,Q1 2009,INFORMATION TECHNOLOGY,"","",47.28
Ross stores inc. (de),ROST,"",142572.0,11441000.0,0.0937,0.0902,43,-65578.0,-31.505165,reduction,0.0369750,Q3 2016,CONSUMER DISCRETIONARY,"","",61.7401
Procter & gamble co. (oh) (1905),PG,"",119531.0,10983000.0,0.0899,,44,119531.0,,new,0.0047414,Q2 2017,CONSUMER STAPLES,"","",91.88
Lululemon athletica inc.,LULU,"",139546.0,10967000.0,0.0898,0.0028,45,132747.0,1952.44889,addition,0.1030773,Q4 2016,CONSUMER DISCRETIONARY,"","",77.6572
Lilly (eli) & co.,LLY,"",123940.0,10468000.0,0.0857,,46,123940.0,,new,0.0112560,Q4 2015,HEALTH CARE,"","",84.46
Transocean ltd,RIG,"",979945.0,10466000.0,0.0857,0.1271,47,-780768.0,-44.343854,reduction,0.2504716,Q1 2017,ENERGY,"","",10.76
Interpublic group of companies inc (the),IPG,"",510707.0,10296000.0,0.0843,,48,510707.0,,new,0.1314189,Q4 2016,COMMUNICATIONS,"","",20.16
Bank of nova scotia (nyse) adr,BNS,"",154693.0,10015000.0,0.082,0.1094,49,-99625.0,-39.173397,reduction,0.0129103,Q2 2017,FINANCE,"","",60.13
Ecolab inc.,ECL,"",74554.0,10004000.0,0.0819,0.0528,50,13406.0,21.923857,addition,0.0258053,Q3 2017,MATERIALS,"","",129.6116
Martin marietta materials inc.,MLM,"",44856.0,9915000.0,0.0812,,51,44856.0,,new,0.0713586,Q4 2017,MATERIALS,"","",221.04
Viacomcbs inc. class b,VIAC,"",162176.0,9568000.0,0.0783,0.041,52,56748.0,53.826308,addition,0.0423436,Q4 2016,COMMUNICATIONS,"","",59.1174
Suncor energy  inc.,SU,"",255826.0,9423000.0,0.0771,0.096,53,-153545.0,-37.507542,reduction,0.0154591,Q1 2011,ENERGY,"","",28.8236
Pepsico inc. (loft  inc.),PEP,"",75499.0,9054000.0,0.0741,0.065,54,-11409.0,-13.127675,reduction,0.0053088,Q2 2017,CONSUMER STAPLES,"","",111.7845
Devon energy corp.,DVN,"",218491.0,9046000.0,0.0741,0.1357,55,-332411.0,-60.339407,reduction,0.0416173,Q1 2013,ENERGY,"","",39.9445
Firstenergy corp.,FE,"",283237.0,8673000.0,0.071,0.0427,56,76970.0,37.315712,addition,0.0636688,Q3 2015,UTILITIES AND TELECOMMUNICATIONS,"","",30.3924
Merck & co,MRK,"",153206.0,8621000.0,0.0706,,57,153206.0,,new,0.0056234,Q2 2017,HEALTH CARE,"","",56.27
At&t inc. (southwestern bell - sbc corp.),T,"",215233.0,8368000.0,0.0685,0.0833,58,-101873.0,-32.125851,reduction,0.0035060,Q1 2017,UTILITIES AND TELECOMMUNICATIONS,"","",39.0361
Alexion pharmaceuticals inc.,ALXN,"",65212.0,7799000.0,0.0638,0.1105,59,-52206.0,-44.461667,reduction,0.0291894,Q1 2017,HEALTH CARE,"","",139.252
Dish network corp  class a,DISH,"",159451.0,7614000.0,0.0623,0.0192,60,106667.0,202.08207,addition,0.0341825,Q1 2016,COMMUNICATIONS,"","",49.8951
Canadian natural resources  ltd,CNQ,"",211927.0,7598000.0,0.0622,0.0707,61,-103382.0,-32.78752,reduction,0.0173976,Q2 2011,ENERGY,"","",29.9759
Mckesson corp.,MCK,"",48153.0,7509000.0,0.0615,0.0354,62,13807.0,40.199732,addition,0.0230972,Q3 2010,HEALTH CARE,"","",165.7626
Pvh corp. (phillips jones - phillips van heusen corp.),PVH,"",54011.0,7411000.0,0.0607,0.0819,63,-42873.0,-44.251889,reduction,0.0697636,Q2 2015,CONSUMER DISCRETIONARY,"","",99.4713
Xilinx  inc,XLNX,"",109432.0,7378000.0,0.0604,0.0168,64,74029.0,209.103748,addition,0.0429448,Q4 2015,INFORMATION TECHNOLOGY,"","",68.0731
Skyworks solutions  inc.,SWKS,"",74368.0,7061000.0,0.0578,0.0412,65,14053.0,23.299345,addition,0.0407563,Q1 2015,INFORMATION TECHNOLOGY,"","",98.6687
Juniper networks inc,JNPR,"",246506.0,7025000.0,0.0575,0.0809,66,-186757.0,-43.104765,reduction,0.0657472,Q3 2013,INFORMATION TECHNOLOGY,"","",25.9718
Capri holdings ltd,CPRI,"",109951.0,6921000.0,0.0567,0.1491,67,-354486.0,-76.32596,reduction,0.0723029,Q4 2016,INDUSTRIALS,"","",46.9285
Canadian national railway co.,CNI,"",83075.0,6872000.0,0.0563,0.0801,68,-61442.0,-42.515413,reduction,0.0111870,Q2 2017,TRANSPORTS,"","",81.05
Newfield exploration co.  inc,NFX,"",577395.41,6816000.0,0.0558,0.0803,69,-500307.68,-46.423517,reduction,0.1082918,Q1 2017,ENERGY,"","",29.6602
Liberty global plc class a,LBTYA,"",183132.0,6563000.0,0.0537,0.0228,70,82732.0,82.40239,addition,0.0224674,Q3 2017,COMMUNICATIONS,"","",34.7819
F5 networks inc,FFIV,"",48696.0,6390000.0,0.0523,0.0056,71,41722.0,598.250645,addition,0.0787451,Q3 2017,INFORMATION TECHNOLOGY,"","",129.6933
Welltower inc,WELL,"",99785.0,6363000.0,0.0521,0.0116,72,75128.0,304.692379,addition,0.0270508,Q3 2017,REAL ESTATE,"","",65.3786
Tc energy corp,TRP,"",129668.0,6332000.0,0.0518,0.0628,73,-60100.0,-31.67025,reduction,0.0147761,Q2 2016,ENERGY,"","",47.67
Autozone inc.,AZO,"",8861.0,6303000.0,0.0516,0.0858,74,-12638.0,-58.784129,reduction,0.0323985,Q1 2016,CONSUMER DISCRETIONARY,"","",581.6298
Applied materials inc.,AMAT,"",117284.0,5996000.0,0.0491,0.0621,75,-60363.0,-33.979183,reduction,0.0109972,Q1 2013,INFORMATION TECHNOLOGY,"","",41.31
Bank of montreal (nyse),BMO,"",74326.0,5967000.0,0.0489,0.0646,76,-53284.0,-41.755348,reduction,0.0114524,Q2 2017,FINANCE,"","",73.44
Oreilly automotive inc.,ORLY,"",24375.0,5863000.0,0.048,0.0546,77,-13429.0,-35.522696,reduction,0.0286664,Q1 2016,CONSUMER DISCRETIONARY,"","",217.0832
Macys inc,M,"",230910.0,5817000.0,0.0476,0.2161,78,-1245163.0,-84.356465,reduction,0.0758176,Q4 2008,CONSUMER DISCRETIONARY,"","",29.8678
Xcel energy inc. (northern states power co. (mn)),XEL,"",120718.0,5808000.0,0.0475,0.0124,79,81634.0,208.868079,addition,0.0237746,Q2 2017,UTILITIES AND TELECOMMUNICATIONS,"","",47.727
Microchip technology inc,MCHP,"",64303.0,5651000.0,0.0463,0.1101,80,-118442.0,-64.812717,reduction,0.0274905,Q1 2013,INFORMATION TECHNOLOGY,"","",80.8331
Newmont mining corp. (holding co.),NEM,"",148185.0,5560000.0,0.0455,0.0145,81,90676.0,157.672712,addition,0.0277843,Q1 2012,MATERIALS,"","",32.9596
International business machines corp,IBM,"",35797.0,5492000.0,0.045,0.0909,82,-57635.0,-61.686574,reduction,0.0038666,Q3 2016,INFORMATION TECHNOLOGY,"","",158.0175
Td ameritrade holding corp class a,AMTD,"",107216.0,5482000.0,0.0449,0.0022,83,100633.0,1528.679933,addition,0.0189020,Q3 2017,FINANCE,"","",50.9869
Royal caribbean cruises ltd,RCL,"",44808.0,5345000.0,0.0438,0.1105,84,-94130.0,-67.749644,reduction,0.0190510,Q1 2016,CONSUMER DISCRETIONARY,"","",114.0605
Foot locker inc. (f. w. woolworth),FL,"",109815.0,5148000.0,0.0421,0.0579,85,-135299.0,-55.198397,reduction,0.0885605,Q2 2015,CONSUMER DISCRETIONARY,"","",51.9202
Xl group plc,XL,"",143524.0,5046000.0,0.0413,0.0153,86,85842.0,148.819389,addition,0.0560597,Q3 2017,FINANCE,"","",36.8841
Scana corp .,SCG,"",126618.0,5037000.0,0.0412,0.0304,87,33143.0,35.456539,addition,0.0885936,Q1 2017,UTILITIES AND TELECOMMUNICATIONS,"","",46.2101
Brookfield asset management inc,BAM,"",113009.0,4935000.0,0.0404,0.0512,88,-72383.0,-39.043217,reduction,0.0117794,Q2 2017,REAL ESTATE,"","",39.21
Caterpillar inc.,CAT,"",30363.0,4785000.0,0.0392,0.0404,89,-17888.0,-37.072807,reduction,0.0051036,Q3 2017,INDUSTRIALS,"","",124.71
United states steel corp.,X,"",132742.0,4671000.0,0.0382,0.0833,90,-351140.0,-72.567279,reduction,0.0758569,Q1 2017,MATERIALS,"","",25.66
Bio-rad laboratories inc class a,BIO,"",19255.0,4596000.0,0.0376,,91,19255.0,,new,0.0647009,Q4 2017,HEALTH CARE,"","",238.67
Manulife financial corp,MFC,"",218974.0,4582000.0,0.0375,0.0517,92,-161971.0,-42.518211,reduction,0.0110657,Q4 2016,FINANCE,"","",18.76
Ventas  inc.,VTR,"",74800.0,4489000.0,0.0368,0.012,93,47400.0,172.992701,addition,0.0210018,Q3 2017,REAL ESTATE,"","",61.8855
Darden restaurants inc,DRI,"",45733.0,4391000.0,0.0359,0.0473,94,-43803.0,-48.922221,reduction,0.0369799,Q2 2015,CONSUMER DISCRETIONARY,"","",75.4738
Boston scientific inc.,BSX,"",176079.0,4365000.0,0.0357,,95,176079.0,,new,0.0128225,Q4 2017,HEALTH CARE,"","",24.79
Canadian imperial bank of commerce (nyse),CM,"",44019.0,4305000.0,0.0352,0.0417,96,-27200.0,-38.192055,reduction,0.0100947,Q2 2017,FINANCE,"","",81.16
Discovery inc series a,DISCA,"",191669.0,4290000.0,0.0351,0.1453,97,-825324.0,-81.153361,reduction,0.0350400,Q2 2017,COMMUNICATIONS,"","",23.8257
Chubb limited,CB,"",28931.0,4228000.0,0.0346,0.0062,98,22459.0,347.017923,addition,0.0062322,Q3 2017,FINANCE,"","",145.3291
Maxim integrated products inc,MXIM,"",80639.0,4216000.0,0.0345,,99,80639.0,,new,0.0369548,Q4 2013,INFORMATION TECHNOLOGY,"","",52.28
Salesforce.com inc.,CRM,"",40841.0,4175000.0,0.0342,0.052,100,-42178.0,-50.805237,reduction,0.0056826,Q4 2016,INFORMATION TECHNOLOGY,"","",85.0387
Bce inc. (bell telephone of canada),BCE,"",84392.0,4067000.0,0.0333,0.0492,101,-72660.0,-46.264931,reduction,0.0093723,Q2 2017,UTILITIES AND TELECOMMUNICATIONS,"","",45.04
Crown holdings inc. (crown cork & seal),CCK,"",71927.0,4046000.0,0.0331,,102,71927.0,,new,0.0535689,Q2 2016,MATERIALS,"","",56.25
Allstate corp (the),ALL,"",38305.0,4011000.0,0.0328,0.0081,103,25151.0,191.204196,addition,0.0106750,Q3 2017,FINANCE,"","",100.3145
Avalonbay communities  inc.,AVB,"",22293.0,3977000.0,0.0326,0.0137,104,10828.0,94.44396,addition,0.0161438,Q3 2017,REAL ESTATE,"","",178.4151
Ralph lauren corp. class a,RL,"",38284.0,3970000.0,0.0325,0.0595,105,-62226.0,-61.910258,reduction,0.0470898,Q4 2016,CONSUMER DISCRETIONARY,"","",74.2343
Ca inc,CA,"",116893.0,3890000.0,0.0318,0.0492,106,-102733.0,-46.776338,reduction,0.0279288,Q3 2016,INFORMATION TECHNOLOGY,"","",33.38
Southern co.,SO,"",79298.0,3813000.0,0.0312,,107,79298.0,,new,0.0079011,Q4 2017,UTILITIES AND TELECOMMUNICATIONS,"","",48.09
Carnival corp.,CCL,"",57144.0,3793000.0,0.0311,0.0278,108,-7042.0,-10.97124,reduction,0.0106644,Q1 2016,CONSUMER DISCRETIONARY,"","",54.2609
Southwest airlines co.,LUV,"",57647.0,3773000.0,0.0309,,109,57647.0,,new,0.0097149,Q1 2017,TRANSPORTS,"","",65.45
Franco-nevada corp,FNV,"",47045.0,3772000.0,0.0309,0.0331,110,-16841.0,-26.361018,reduction,0.0253298,Q1 2013,MATERIALS,"","",50.4249
Edwards lifesciences corp.,EW,"",32832.0,3700000.0,0.0303,0.0878,111,-86915.0,-72.582194,reduction,0.0155146,Q1 2016,HEALTH CARE,"","",104.1309
Illinois tool works inc,ITW,"",21940.0,3661000.0,0.03,0.0168,112,5045.0,29.860906,addition,0.0064040,Q1 2016,INDUSTRIALS,"","",152.3037
Sherwin-williams co.,SHW,"",8751.0,3588000.0,0.0294,0.0182,113,1190.0,15.738659,addition,0.0093584,Q3 2017,MATERIALS,"","",365.1112
3m co. (minnesota mining & manufacturing),MMM,"",15240.0,3587000.0,0.0294,,114,15240.0,,new,0.0025619,Q4 2017,INDUSTRIALS,"","",235.37
Goldcorp inc.,GG,"",270418.0,3456000.0,0.0283,0.0293,115,-66858.0,-19.822934,reduction,0.0311901,Q4 2012,MATERIALS,"","",17.982
Las vegas sands corp,LVS,"",49383.0,3432000.0,0.0281,0.0265,116,-12158.0,-19.755935,reduction,0.0062472,Q3 2016,CONSUMER DISCRETIONARY,"","",58.4406
Agnico-eagle mines  ltd,AEM,"",74067.0,3425000.0,0.028,0.0286,117,-20484.0,-21.664499,reduction,0.0319709,Q4 2012,MATERIALS,"","",40.3392
Rio tinto plc (nyse) adr,RIO,"",64597.0,3419000.0,0.028,0.0235,118,-9783.0,-13.152729,reduction,0.0047862,Q1 2013,MATERIALS,"","",39.1004
Sun life financial inc,SLF,"",82129.0,3401000.0,0.0278,0.0355,119,-51161.0,-38.383225,reduction,0.0134202,Q4 2016,FINANCE,"","",35.75
American international group  inc.,AIG,"",56920.0,3391000.0,0.0278,0.0031,120,49342.0,651.121668,addition,0.0063318,Q3 2017,FINANCE,"","",59.821
Bhp group ltd,BHP,"",73590.0,3384000.0,0.0277,0.0228,121,-10203.0,-12.176435,reduction,0.0045836,Q1 2013,ENERGY,"","",42.8835
Bp plc adr (british petroleum),BP,"",80376.0,3378000.0,0.0277,0.0249,122,-16213.0,-16.785555,reduction,0.0024285,Q1 2013,ENERGY,"","",38.9108
Canadian pacific railway ltd. (2001),CP,"",18357.0,3365000.0,0.0275,0.0343,123,-12146.0,-39.819034,reduction,0.0126626,Q2 2017,TRANSPORTS,"","",160.81
Chevron corp. (standard oil of california),CVX,"",26800.0,3355000.0,0.0275,0.0247,124,-4498.0,-14.371525,reduction,0.0014110,Q3 2012,ENERGY,"","",112.4241
Exxonmobil corp. (standard oil of new jersey),XOM,"",39874.0,3335000.0,0.0273,0.0236,125,-2971.0,-6.934298,reduction,0.0009411,Q3 2012,ENERGY,"","",88.6246
Te connectivity ltd,TEL,"",34458.0,3275000.0,0.0268,0.0105,126,15691.0,83.609527,addition,0.0098112,Q4 2013,INFORMATION TECHNOLOGY,"","",83.5318
Telus corp. non-voting shares,TU,"",84409.0,3208000.0,0.0263,0.0309,127,-43800.0,-34.162968,reduction,0.0259066,Q2 2017,UTILITIES AND TELECOMMUNICATIONS,"","",34.52
General electric co,GE,"",191124.96,3207000.0,0.0263,0.1326,128,-658924.24,-77.516012,reduction,0.0021191,Q1 2017,INDUSTRIALS,"","",28.6244
Whirlpool corp. (de),WHR,"",18899.0,3187000.0,0.0261,,129,18899.0,,new,0.0266183,Q1 2015,CONSUMER DISCRETIONARY,"","",168.64
Wheaton precious metals corp,WPM,"",143565.0,3180000.0,0.026,0.0235,130,-40159.0,-21.858331,reduction,0.0325183,Q4 2012,MATERIALS,"","",20.6474
Kellogg co.,K,"",45511.0,3094000.0,0.0253,0.0808,131,-147522.0,-76.423202,reduction,0.0131736,Q2 2016,CONSUMER STAPLES,"","",63.2298
American campus communities inc,ACC,"",75024.0,3078000.0,0.0252,,132,75024.0,,new,0.0549908,Q4 2017,REAL ESTATE,"","",41.03
Mettler-toledo international  inc.,MTD,"",4744.0,2939000.0,0.0241,,133,4744.0,,new,0.0185457,Q4 2017,INFORMATION TECHNOLOGY,"","",619.52
Petroleo brasileiro sa (petrobras) adr,PBR,"",285175.0,2934000.0,0.024,0.0233,134,-61419.0,-17.720734,reduction,0.0043723,Q1 2013,ENERGY,"","",9.6246
Conocophillips (phillips petroleum),COP,"",52880.0,2903000.0,0.0238,0.0215,135,-11015.0,-17.239221,reduction,0.0044232,Q1 2013,ENERGY,"","",55.9348
Magna international inc. class a,MGA,"",50531.0,2873000.0,0.0235,0.0285,136,-29151.0,-36.584172,reduction,0.0140029,Q2 2017,CONSUMER DISCRETIONARY,"","",46.33
Companhia vale de rio doce s.a. adr,VALE,"",229438.0,2806000.0,0.023,0.0193,137,-55883.0,-19.58601,reduction,0.0044522,Q1 2013,MATERIALS,"","",10.6996
Amgen  inc.,AMGN,"",15987.0,2780000.0,0.0228,0.0741,138,-43286.0,-73.028192,reduction,0.0022023,Q1 2017,HEALTH CARE,"","",176.476
American tower corp.  class a,AMT,"",19326.0,2757000.0,0.0226,0.0386,139,-22741.0,-54.059001,reduction,0.0045068,Q1 2016,UTILITIES AND TELECOMMUNICATIONS,"","",136.68
Eog resources inc,EOG,"",25353.0,2736000.0,0.0224,0.0199,140,-5257.0,-17.174126,reduction,0.0043847,Q1 2013,ENERGY,"","",94.1978
Target corp.,TGT,"",41559.0,2712000.0,0.0222,0.0891,141,-183566.0,-81.539589,reduction,0.0076083,Q1 2015,CONSUMER DISCRETIONARY,"","",52.29
Great plains energy inc.,GXP,"",49064.11,2645000.0,0.0217,0.0019,142,43477.59,778.258916,addition,0.0380446,Q3 2017,UTILITIES,"","",32.0191
Teck resources ltd,TECK,"",98469.0,2583000.0,0.0211,0.0214,143,-53554.0,-35.227564,reduction,0.0172601,Q4 2012,MATERIALS,"","",20.2401
Nucor corp.,NUE,"",40092.0,2549000.0,0.0209,0.043,144,-74371.0,-64.973834,reduction,0.0126107,Q2 2017,MATERIALS,"","",57.87
Occidental petroleum corp.,OXY,"",34493.0,2541000.0,0.0208,0.0175,145,-6130.0,-15.089974,reduction,0.0045074,Q2 2012,ENERGY,"","",77.7437
Imperial oil ltd. (ase),IMO,"",80684.0,2526000.0,0.0207,0.0216,146,-20478.0,-20.242779,reduction,0.0096330,Q4 2011,ENERGY,"","",35.8239
Aon plc,AON,"",18605.0,2493000.0,0.0204,,147,18605.0,,new,0.0074450,Q4 2017,FINANCE,"","",134.0
Ball corp.,BLL,"",65558.0,2481000.0,0.0203,,148,65558.0,,new,0.0187276,Q2 2017,MATERIALS,"","",37.85
Coca-cola european partners plc,CCEP,"",62121.0,2476000.0,0.0203,0.0223,149,-17686.0,-22.160963,reduction,0.0128248,Q2 2014,CONSUMER STAPLES,"","",41.154
Barrick gold corp,GOLD,"",160951.0,2335000.0,0.0191,0.0279,150,-97660.0,-37.763282,reduction,0.0138006,Q2 2017,MATERIALS,"","",15.91
Coca cola co.,KO,"",50302.0,2308000.0,0.0189,,151,50302.0,,new,0.0011806,Q4 2017,CONSUMER STAPLES,"","",45.88
Rogers communications inc. class b (nyse),RCI,"",43038.0,2200000.0,0.018,0.0251,152,-29555.0,-40.713292,reduction,0.0083600,Q2 2017,COMMUNICATIONS,"","",47.21
Adobe systems  inc.,ADBE,"",12468.0,2185000.0,0.0179,,153,12468.0,,new,0.0025293,Q4 2015,INFORMATION TECHNOLOGY,"","",175.24
Apple inc,AAPL,"",12680.0,2146000.0,0.0176,0.0209,154,-7485.0,-37.11877,reduction,0.0002493,Q3 2017,INFORMATION TECHNOLOGY,"","",154.12
Centerpoint energy inc,CNP,"",75247.0,2134000.0,0.0175,0.0086,155,31153.0,70.651336,addition,0.0174575,Q3 2017,UTILITIES AND TELECOMMUNICATIONS,"","",28.8581
Cgi,GIB,"",38589.0,2104000.0,0.0172,0.0187,156,-15400.0,-28.524329,reduction,0.0134353,Q2 2017,INFORMATION TECHNOLOGY,"","",51.07
Cognizant technology solutions corp,CTSH,"",28757.0,2042000.0,0.0167,0.0417,157,-56938.0,-66.442616,reduction,0.0048906,Q2 2014,INFORMATION TECHNOLOGY,"","",72.54
Medtronic plc,MDT,"",25152.0,2031000.0,0.0166,,158,25152.0,,new,0.0018568,Q4 2017,HEALTH CARE,"","",80.75
Quest diagnostics  inc.,DGX,"",20560.0,2025000.0,0.0166,0.1307,159,-187561.0,-90.121131,reduction,0.0150844,Q3 2017,HEALTH CARE,"","",93.64
General mills co.,GIS,"",33649.0,1995000.0,0.0163,0.0108,160,2632.0,8.485669,addition,0.0059133,Q3 2016,CONSUMER STAPLES,"","",55.7043
Comcast corp.  class a,CMCSA,"",47672.0,1909000.0,0.0156,,161,47672.0,,new,0.0010264,Q2 2017,COMMUNICATIONS,"","",40.05
Agrium  inc. - merged with potash,AGU,"",16334.0,1888000.0,0.0155,0.0199,162,-11384.0,-41.070784,reduction,N/A,Q2 2017,MATERIALS,"","",10.23
Alliant energy corp,LNT,"",44260.0,1886000.0,0.0154,0.0051,163,26028.0,142.759982,addition,0.0191436,Q2 2017,UTILITIES AND TELECOMMUNICATIONS,"","",41.9279
Nutrien ltd,NTR,"",90844.0,1874000.0,0.0153,0.0205,164,-68637.0,-43.037729,reduction,0.0108127,Q2 2017,MATERIALS,"","",16.3
Restaurant brands international inc,QSR,"",30068.0,1854000.0,0.0152,0.021,165,-19113.0,-38.862569,reduction,0.0123280,Q2 2017,CONSUMER DISCRETIONARY,"","",62.54
Pembina pipeline corp,PBA,"",50741.0,1843000.0,0.0151,0.0198,166,-33416.0,-39.706739,reduction,0.0100877,Q2 2017,ENERGY,"","",33.12
Fortis inc,FTS,"",48988.0,1803000.0,0.0148,0.02,167,-34098.0,-41.039405,reduction,0.0265408,Q2 2017,UTILITIES AND TELECOMMUNICATIONS,"","",35.15
Express scripts inc.,ESRX,"",23259.0,1736000.0,0.0142,0.2536,168,-573674.0,-96.103583,reduction,0.0041067,Q3 2012,HEALTH CARE,"","",67.992
Kinross gold corp. adr,KGC,"",397255.0,1718000.0,0.0141,0.0144,169,-110772.0,-21.804353,reduction,0.0318569,Q4 2012,MATERIALS,"","",3.8811
Red hat inc,RHT,"",14240.0,1710000.0,0.014,,170,14240.0,,new,0.0079870,Q3 2014,INFORMATION TECHNOLOGY,"","",120.1
Randgold resources ltd adr,GOLD,"",17207.0,1702000.0,0.0139,0.0116,171,-537.0,-3.026375,reduction,0.0182917,Q1 2013,MATERIALS,"","",73.7046
Amerisourcebergen corp (holding co),ABC,"",18399.0,1689000.0,0.0138,,172,18399.0,,new,0.0084206,Q4 2014,CONSUMER STAPLES,"","",91.82
Encana corp.,ECA,"",25065.8,1677000.0,0.0137,0.0162,173,-16177.2,-39.224111,reduction,0.0128792,Q1 2011,ENERGY,"","",8.8
Visa inc,V,"",14498.0,1653000.0,0.0135,,174,14498.0,,new,0.0007031,Q4 2017,FINANCE,"","",114.02
Facebook inc,FB,"",9264.0,1635000.0,0.0134,0.072,175,-53569.0,-85.256155,reduction,0.0003188,Q3 2014,COMMUNICATIONS,"","",170.87
Southern copper corp.,SCCO,"",33987.0,1613000.0,0.0132,0.011,176,-7388.0,-17.856193,reduction,0.0043966,Q1 2013,MATERIALS,"","",27.9866
United rentals  inc.,URI,"",9375.0,1612000.0,0.0132,0.0769,177,-73252.0,-88.65383,reduction,0.0111039,Q2 2013,INDUSTRIALS,"","",98.6322
Petrochina co ltd adr,PTR,"",23039.0,1611000.0,0.0132,0.0108,178,-2009.0,-8.0206,reduction,0.0012588,Q1 2013,ENERGY,"","",89.2501
Booking holdings inc. (priceline),BKNG,"",915.0,1590000.0,0.013,0.0167,179,-442.0,-32.57185,reduction,0.0018651,Q3 2017,CONSUMER DISCRETIONARY,"","",1830.82
Msci inc,MSCI,"",12130.0,1535000.0,0.0126,,180,12130.0,,new,0.0134673,Q4 2017,FINANCE,"","",126.54
Cimarex energy co.,XEC,"",11886.0,1450000.0,0.0119,0.0038,181,6926.0,139.637097,addition,0.0124774,Q2 2016,ENERGY,"","",114.4437
Marsh & mclennan companies  inc.,MMC,"",17633.0,1435000.0,0.0117,,182,17633.0,,new,0.0034550,Q3 2014,FINANCE,"","",81.39
Thomson reuters corp.,TRI,"",30911.0,1352000.0,0.0111,0.0162,183,-21752.0,-41.304141,reduction,0.0043441,Q2 2017,COMMUNICATIONS,"","",46.29
Pioneer natural resources co.,PXD,"",7407.0,1280000.0,0.0105,0.0088,184,-1469.0,-16.550248,reduction,0.0043527,Q1 2013,ENERGY,"","",149.4096
Anadarko petroleum corp.,APC,"",23525.0,1262000.0,0.0103,0.0089,185,-3587.0,-13.230304,reduction,0.0042995,Q1 2013,ENERGY,"","",80.8499
Oge energy corp. (oklahoma gas & electric),OGE,"",37000.0,1218000.0,0.01,,186,37000.0,,new,0.0185269,Q4 2017,UTILITIES AND TELECOMMUNICATIONS,"","",32.91
Cenovus energy inc,CVE,"",131967.0,1209000.0,0.0099,0.0145,187,-84809.0,-39.122873,reduction,0.0107396,Q4 2010,ENERGY,"","",17.2119
Royal gold inc,RGLD,"",14132.0,1161000.0,0.0095,0.0085,188,-638.0,-4.319567,reduction,0.0215921,Q1 2013,MATERIALS,"","",57.4665
Apartment investment and management co,AIV,"",24133.0,1055000.0,0.0086,0.0041,189,10038.0,71.216744,addition,0.0153694,Q2 2017,REAL ESTATE,"","",43.2778
Intuit  inc.,INTU,"",6560.0,1035000.0,0.0085,,190,6560.0,,new,0.0025729,Q1 2015,INFORMATION TECHNOLOGY,"","",157.78
Gildan activewear inc,GIL,"",31509.0,1021000.0,0.0084,0.0105,191,-18836.0,-37.413844,reduction,0.0143601,Q2 2017,CONSUMER DISCRETIONARY,"","",30.73
Yamana gold inc.,AUY,"",319802.0,999000.0,0.0082,0.0062,192,-29489.0,-8.442531,reduction,0.0337166,Q4 2012,MATERIALS,"","",5.4843
Urban outfitters inc.,URBN,"",27934.0,979000.0,0.008,0.0303,193,-161019.0,-85.216429,reduction,0.0251024,Q3 2014,CONSUMER DISCRETIONARY,"","",23.0506
Shaw communications inc class b,SJR,"",42014.0,962000.0,0.0079,0.0119,194,-34943.0,-45.405876,reduction,0.0088179,Q2 2017,COMMUNICATIONS,"","",21.79
Concho resources inc,CXO,"",6368.0,957000.0,0.0078,0.0068,195,-1337.0,-17.352369,reduction,0.0042824,Q4 2013,ENERGY,"","",114.2494
Wynn resorts ltd,WYNN,"",5635.0,950000.0,0.0078,,196,5635.0,,new,0.0054826,Q4 2017,CONSUMER DISCRETIONARY,"","",168.59
Tiffany & co. (de),TIF,"",8997.0,935000.0,0.0077,0.0033,197,3639.0,67.917133,addition,0.0072259,Q3 2017,CONSUMER DISCRETIONARY,"","",96.7024
Fidelity national financial inc,FNF,"",22294.0,875000.0,0.0072,,198,22294.0,,new,0.0081618,Q4 2017,FINANCE,"","",39.24
Bausch health companies,BHC,"",41855.0,875000.0,0.0072,0.0067,199,-28414.0,-40.436039,reduction,0.0120069,Q2 2017,HEALTH CARE,"","",17.3
Franklin resources inc,BEN,"",20088.0,870000.0,0.0071,,200,20088.0,,new,0.0036411,Q4 2017,FINANCE,"","",43.33
Continental resources inc,CLR,"",16183.0,857000.0,0.007,0.005,201,-3212.0,-16.560969,reduction,0.0043131,Q1 2013,ENERGY,"","",47.7732
Blackberry ltd,BB,"",74136.0,831000.0,0.0068,0.0089,202,-44489.0,-37.503899,reduction,0.0138233,Q2 2017,INFORMATION TECHNOLOGY,"","",9.99
Hollyfrontier corp,HFC,"",16123.0,826000.0,0.0068,,203,16123.0,,new,0.0090952,Q4 2017,ENERGY,"","",51.22
Equinix inc,EQIX,"",1742.0,790000.0,0.0065,,204,1742.0,,new,0.0022268,Q4 2017,INFORMATION TECHNOLOGY,"","",453.22
Anglogold ashanti ltd ads,AU,"",73180.0,746000.0,0.0061,0.0048,205,-3834.0,-4.978316,reduction,0.0189910,Q1 2013,MATERIALS,"","",12.8634
Apache corp.,APA,"",16677.0,704000.0,0.0058,0.0059,206,-2521.0,-13.131576,reduction,0.0043779,Q1 2013,ENERGY,"","",72.7102
Atmos energy corp,ATO,"",8004.0,687000.0,0.0056,,207,8004.0,,new,0.0072134,Q4 2017,UTILITIES AND TELECOMMUNICATIONS,"","",85.89
Mondelez international inc. (kraft foods),MDLZ,"",16028.0,686000.0,0.0056,,208,16028.0,,new,0.0010770,Q1 2016,CONSUMER STAPLES,"","",42.8
Intercontinental exchange inc,ICE,"",9608.0,678000.0,0.0056,0.009,209,-9873.0,-50.68015,reduction,0.0016423,Q3 2016,FINANCE,"","",62.7597
Delta air lines inc.,DAL,"",12061.0,675000.0,0.0055,0.0027,210,3581.0,42.228774,addition,0.0016917,Q2 2017,TRANSPORTS,"","",54.411
Cabot oil & gas corp.,COG,"",22451.0,642000.0,0.0053,0.0045,211,-2601.0,-10.382405,reduction,0.0048542,Q2 2013,ENERGY,"","",29.4312
Eqt corporation (equitable gas co.),EQT,"",20649.72,640000.0,0.0052,0.004,212,3674.0,21.642676,addition,0.0042528,Q2 2013,UTILITIES AND TELECOMMUNICATIONS,"","",83.025
Hess corp,HES,"",13456.0,639000.0,0.0052,0.0051,213,-2901.0,-17.735526,reduction,0.0042348,Q1 2013,ENERGY,"","",66.8914
Gold fields ltd adr,GFI,"",148479.0,638000.0,0.0052,0.0045,214,-6070.0,-3.927557,reduction,0.0180735,Q1 2013,MATERIALS,"","",4.0635
Marathon oil corp. (1901) (old u.s. steel),MRO,"",37247.0,631000.0,0.0052,0.0039,215,-5325.0,-12.508221,reduction,0.0043838,Q1 2013,ENERGY,"","",26.4229
Noble energy inc,NBL,"",21404.0,624000.0,0.0051,0.0049,216,-4259.0,-16.595877,reduction,0.0043986,Q1 2013,ENERGY,"","",54.2887
Nordstrom inc.,JWN,"",13089.0,620000.0,0.0051,,217,13089.0,,new,0.0078736,Q2 2017,CONSUMER DISCRETIONARY,"","",47.38
Hershey company (the),HSY,"",5180.0,588000.0,0.0048,,218,5180.0,,new,0.0024566,Q4 2017,CONSUMER STAPLES,"","",113.51
Splunk inc,SPLK,"",7104.0,588000.0,0.0048,0.0183,219,-33859.0,-82.65752,reduction,0.0051352,Q3 2017,INFORMATION TECHNOLOGY,"","",66.43
Equity residential,EQR,"",8991.0,573000.0,0.0047,0.0014,220,5898.0,190.688652,addition,0.0024466,Q3 2017,REAL ESTATE,"","",64.5131
Kirkland lake gold ltd,KL,"",36909.0,568000.0,0.0047,0.0035,221,-3126.0,-7.808168,reduction,No Data,Q3 2017,MATERIALS,"","",12.92
B2gold corp,BTG,"",178166.0,552000.0,0.0045,0.0035,222,-9022.0,-4.819753,reduction,0.0521153,Q2 2016,MATERIALS,"","",2.5175
Crescent point energy corp,CPG,"",70725.0,541000.0,0.0044,0.0062,223,-45370.0,-39.080064,reduction,0.0129583,Q1 2014,ENERGY,"","",26.1752
Teva pharmaceutical industries ltd  adr,TEVA,"",27700.0,525000.0,0.0043,0.0033,224,0.0,0.0,,0.0027240,Q4 2015,HEALTH CARE,"","",61.866
Flextronics international inc.,FLEX,"",29020.0,522000.0,0.0043,,225,29020.0,,new,0.0054996,Q4 2017,INFORMATION TECHNOLOGY,"","",17.99
Alphabet inc. class a,GOOGL,"",470.0,495000.0,0.0041,,226,470.0,,new,0.0000676,Q3 2014,COMMUNICATIONS,"","",1053.4
Sibanye-stillwater limited ads adr,SBGL,"",93077.0,470000.0,0.0038,0.003,227,-10529.5,-10.162972,reduction,0.0392896,Q2 2016,MATERIALS,"","",12.4
Tesla inc,TSLA,"",1507.0,469000.0,0.0038,0.0034,228,0.0,0.0,,0.0008924,Q3 2017,CONSUMER DISCRETIONARY,"","",341.1
Moodys corp,MCO,"",2785.0,411000.0,0.0034,0.0071,229,-4864.0,-63.590012,reduction,0.0014574,Q4 2016,FINANCE,"","",101.2577
Eldorado gold corp,EGO,"",56506.2,410000.0,0.0034,0.0044,230,-3159.4,-5.295178,reduction,0.0355828,Q4 2012,MATERIALS,"","",5.3296
Pretium resources inc,PVG,"",32500.0,371000.0,0.003,0.0021,231,-1807.0,-5.267147,reduction,0.0178581,Q2 2017,MATERIALS,"","",9.61
Cme group inc,CME,"",2353.0,344000.0,0.0028,0.0079,232,-6363.0,-73.003671,reduction,0.0006936,Q3 2016,FINANCE,"","",115.7322
Prudential financial inc.,PRU,"",2991.0,344000.0,0.0028,0.0029,233,-1038.0,-25.763217,reduction,0.0007054,Q2 2017,FINANCE,"","",108.14
New gold inc. adr,NGD,"",103468.0,341000.0,0.0028,0.0026,234,-2700.0,-2.543139,reduction,0.0179069,Q1 2013,MATERIALS,"","",4.9144
Turquoise hill resources ltd,TRQ,"",87852.0,301000.0,0.0025,0.0023,235,-21180.0,-19.42549,reduction,0.0043657,Q1 2013,MATERIALS,"","",3.3732
Discover financial services,DFS,"",3802.0,292000.0,0.0024,0.0093,236,-17734.0,-82.34584,reduction,0.0010463,Q1 2017,FINANCE,"","",63.7757
Tahoe resources inc,TAHO,"",58154.0,280000.0,0.0023,0.0024,237,-9388.0,-13.8995,reduction,0.0185926,Q2 2016,MATERIALS,"","",13.1643
Charles schwab corp,SCHW,"",5340.0,274000.0,0.0022,0.0057,238,-14182.0,-72.646245,reduction,0.0003983,Q3 2016,FINANCE,"","",43.74
Servicenow inc,NOW,"",2063.0,269000.0,0.0022,,239,2063.0,,new,0.0011946,Q4 2017,INFORMATION TECHNOLOGY,"","",130.39
Lincoln national corp.,LNC,"",3384.0,260000.0,0.0021,0.0015,240,421.0,14.208572,addition,0.0015464,Q1 2017,FINANCE,"","",67.6164
Cheesecake factory  inc. (the),CAKE,"",4603.0,222000.0,0.0018,,241,4603.0,,new,0.0100524,Q2 2017,CONSUMER DISCRETIONARY,"","",48.18
Praxair  inc.,PX,"",1425.0,220000.0,0.0018,0.0062,242,-5212.0,-78.529456,reduction,0.0004977,Q1 2017,MATERIALS,"","",139.74
T-mobile us inc,TMUS,"",3337.0,212000.0,0.0017,,243,3337.0,,new,0.0004011,Q4 2017,UTILITIES AND TELECOMMUNICATIONS,"","",63.51
Cintas corporation,CTAS,"",1341.0,209000.0,0.0017,,244,1341.0,,new,0.0012595,Q2 2016,INDUSTRIALS,"","",155.83
Cameco corp.,CCJ,"",16767.0,155000.0,0.0013,0.0014,245,-4665.0,-21.766517,reduction,0.0042363,Q1 2013,ENERGY,"","",17.132
Cbl & associates properties  inc.,CBL,"",10063.0,57000.0,0.0005,,246,10063.0,,new,0.0058814,Q2 2017,REAL ESTATE,"","",5.66
Lyondellbasell industries nv,LYB,"",0.0,0.0,,0.0074,"",-11163.0,-100.0,soldall,0.0000000,Q2 2014,MATERIALS,"","",80.0489
Pultegroup inc,PHM,"",0.0,0.0,,0.0259,"",-141495.0,-100.0,soldall,0.0000000,Q3 2017,CONSUMER DISCRETIONARY,"","",27.33
Waste management  inc.,WM,"",0.0,0.0,,0.0249,"",-47450.0,-100.0,soldall,0.0000000,Q1 2014,INDUSTRIALS,"","",69.4574
Progressive corp.,PGR,"",0.0,0.0,,0.0091,"",-28131.0,-100.0,soldall,0.0000000,Q4 2016,FINANCE,"","",48.42
Ingredion inc.,INGR,"",0.0,0.0,,0.0039,"",-4830.0,-100.0,soldall,0.0000000,Q3 2017,MATERIALS,"","",120.64
Eversource energy (western massachusetts cos./northeast utilities),ES,"",0.0,0.0,,0.006,"",-14772.0,-100.0,soldall,0.0000000,Q3 2017,UTILITIES AND TELECOMMUNICATIONS,"","",60.44
Nuance communications  inc.,NUAN,"",0.0,0.0,,0.0012,"",-13608.21,-100.0,soldall,0.0000000,Q2 2017,INFORMATION TECHNOLOGY,"","",17.41
Aptargroup  inc.,ATR,"",0.0,0.0,,0.0014,"",-2490.0,-100.0,soldall,0.0000000,Q4 2016,MATERIALS,"","",86.86
Total system services inc,TSS,"",0.0,0.0,,0.0133,"",-30211.0,-100.0,soldall,0.0000000,Q1 2017,FINANCE,"","",63.2172
Becton  dickinson and co.,BDX,"",0.0,0.0,,0.0253,"",-19207.0,-100.0,soldall,0.0000000,Q3 2014,HEALTH CARE,"","",195.95
Gap (the),GPS,"",0.0,0.0,,0.0033,"",-16827.0,-100.0,soldall,0.0000000,Q4 2012,CONSUMER DISCRETIONARY,"","",21.7187
Smucker (j.m.) co.,SJM,"",0.0,0.0,,0.0015,"",-2114.0,-100.0,soldall,0.0000000,Q3 2016,CONSUMER STAPLES,"","",104.93
L brands inc,LB,"",0.0,0.0,,0.0418,"",-149677.0,-100.0,soldall,0.0000000,Q3 2016,CONSUMER DISCRETIONARY,"","",56.203
Core laboratories n.v.,CLB,"",0.0,0.0,,0.0029,"",-4417.0,-100.0,soldall,0.0000000,Q3 2017,ENERGY,"","",98.7
Ameren corporation,AEE,"",0.0,0.0,,0.005,"",-12791.0,-100.0,soldall,0.0000000,Q2 2017,UTILITIES AND TELECOMMUNICATIONS,"","",55.6343
Consolidated edison co. of new york inc. (consolidated gas co. of new york),ED,"",0.0,0.0,,0.0062,"",-11419.0,-100.0,soldall,0.0000000,Q3 2017,UTILITIES AND TELECOMMUNICATIONS,"","",80.68
Abbott laboratories,ABT,"",0.0,0.0,,0.0027,"",-7623.0,-100.0,soldall,0.0000000,Q3 2017,HEALTH CARE,"","",53.36
Equifax inc.,EFX,"",0.0,0.0,,0.0386,"",-54250.0,-100.0,soldall,0.0000000,Q2 2017,INDUSTRIALS,"","",107.0531
Healthpk propr,PEAK,"",0.0,0.0,,0.0219,"",-117340.0,-100.0,soldall,0.0000000,Q3 2017,REAL ESTATE,"","",27.83
Emerson electric co.,EMR,"",0.0,0.0,,0.0068,"",-16170.0,-100.0,soldall,0.0000000,Q1 2014,INDUSTRIALS,"","",62.84
Kansas city southern industries inc.,KSU,"",0.0,0.0,,0.0605,"",-82975.0,-100.0,soldall,0.0000000,Q1 2016,TRANSPORTS,"","",108.68
Lam research corp.,LRCX,"",0.0,0.0,,0.046,"",-37083.0,-100.0,soldall,0.0000000,Q3 2017,INFORMATION TECHNOLOGY,"","",185.04
Intel corp.,INTC,"",0.0,0.0,,0.0897,"",-351286.0,-100.0,soldall,0.0000000,Q4 2012,INFORMATION TECHNOLOGY,"","",33.4749
Simon property group  inc.,SPG,"",0.0,0.0,,0.0117,"",-10872.0,-100.0,soldall,0.0000000,Q4 2016,REAL ESTATE,"","",177.67
Biotechne corp,TECH,"",0.0,0.0,,0.0016,"",-1955.0,-100.0,soldall,0.0000000,Q2 2017,HEALTH CARE,"","",117.5
Davita healthcare partners inc,DVA,"",0.0,0.0,,0.1412,"",-354456.0,-100.0,soldall,0.0000000,Q3 2012,HEALTH CARE,"","",61.5657
Varian medical systems  inc.,VAR,"",0.0,0.0,,0.0086,"",-12779.0,-100.0,soldall,0.0000000,Q2 2017,HEALTH CARE,"","",103.19
Northern trust corp.,NTRS,"",0.0,0.0,,0.0023,"",-3662.0,-100.0,soldall,0.0000000,Q3 2017,FINANCE,"","",91.93
Aetna inc.,AET,"",0.0,0.0,,0.0127,"",-11904.0,-100.0,soldall,0.0000000,Q4 2016,HEALTH CARE,"","",159.01
Regeneron pharmaceuticals inc.,REGN,"",0.0,0.0,,0.0771,"",-25700.0,-100.0,soldall,0.0000000,Q3 2017,HEALTH CARE,"","",447.12
Illumina inc,ILMN,"",0.0,0.0,,0.0842,"",-63012.0,-100.0,soldall,0.0000000,Q1 2017,HEALTH CARE,"","",190.7139
Honeywell international inc. (allied chemical and dye - allied signal),HON,"",0.0,0.0,,0.0218,"",-22896.0,-100.0,soldall,0.0000000,Q1 2017,INDUSTRIALS,"","",133.7248
Aptiv plc,APTV,"",0.0,0.0,,0.0059,"",-10738.19,-100.0,soldall,0.0000000,Q3 2017,INDUSTRIALS,"","",82.4811
Ppg industries  inc. (pittsburgh plate glass),PPG,"",0.0,0.0,,0.0092,"",-12663.0,-100.0,soldall,0.0000000,Q3 2017,MATERIALS,"","",108.66
Kohls corp.,KSS,"",0.0,0.0,,0.0738,"",-241039.0,-100.0,soldall,0.0000000,Q2 2014,CONSUMER DISCRETIONARY,"","",39.434
Union pacific corp.,UNP,"",0.0,0.0,,0.0158,"",-20321.0,-100.0,soldall,0.0000000,Q2 2017,TRANSPORTS,"","",110.75
Anthem inc,ANTM,"",0.0,0.0,,0.0079,"",-6199.0,-100.0,soldall,0.0000000,Q3 2017,HEALTH CARE,"","",189.88
Federal realty investment trust,FRT,"",0.0,0.0,,0.0045,"",-5445.0,-100.0,soldall,0.0000000,Q3 2017,REAL ESTATE,"","",124.21
Kroger co.,KR,"",0.0,0.0,,0.2838,"",-2108925.0,-100.0,soldall,0.0000000,Q4 2015,CONSUMER STAPLES,"","",20.9899
Idexx laboratories inc.,IDXX,"",0.0,0.0,,0.0018,"",-1743.0,-100.0,soldall,0.0000000,Q3 2017,HEALTH CARE,"","",155.49
Aes corp. (the),AES,"",0.0,0.0,,0.0023,"",-31128.0,-100.0,soldall,0.0000000,Q2 2017,UTILITIES AND TELECOMMUNICATIONS,"","",11.11
Electronic arts  inc.,EA,"",0.0,0.0,,0.0483,"",-60956.0,-100.0,soldall,0.0000000,Q3 2014,INFORMATION TECHNOLOGY,"","",111.2549
Comerica  inc. (detroit  mi) (detroit bank & trust),CMA,"",0.0,0.0,,0.0024,"",-4746.0,-100.0,soldall,0.0000000,Q4 2016,FINANCE,"","",76.26
Ansys  inc.,ANSS,"",0.0,0.0,,0.0021,"",-2569.0,-100.0,soldall,0.0000000,Q1 2014,INFORMATION TECHNOLOGY,"","",121.68
Toll brothers  inc.,TOL,"",0.0,0.0,,0.0389,"",-139790.0,-100.0,soldall,0.0000000,Q2 2017,CONSUMER DISCRETIONARY,"","",40.4551
Texas instruments  inc.,TXN,"",0.0,0.0,,0.0784,"",-130318.0,-100.0,soldall,0.0000000,Q4 2012,INFORMATION TECHNOLOGY,"","",84.6863
Biogen inc,BIIB,"",0.0,0.0,,0.0928,"",-44198.0,-100.0,soldall,0.0000000,Q3 2014,HEALTH CARE,"","",273.42
Dte energy co. (detroit edison),DTE,"",0.0,0.0,,0.0078,"",-10788.0,-100.0,soldall,0.0000000,Q2 2017,UTILITIES AND TELECOMMUNICATIONS,"","",106.3948
Boston properties  inc.,BXP,"",0.0,0.0,,0.0015,"",-1860.0,-100.0,soldall,0.0000000,Q2 2017,REAL ESTATE,"","",123.02
Molson coors brewing co,TAP,"",0.0,0.0,,0.0089,"",-16261.0,-100.0,soldall,0.0000000,Q3 2017,CONSUMER STAPLES,"","",81.64
Kimco realty corp.,KIM,"",0.0,0.0,,0.0022,"",-16874.0,-100.0,soldall,0.0000000,Q3 2017,REAL ESTATE,"","",19.55
General growth properties inc. (de),GGP,"",0.0,0.0,,0.0044,"",-31656.0,-100.0,soldall,0.0000000,Q3 2015,REAL ESTATE,"","",20.77
S&p global inc. (mcgraw-hill inc.),SPGI,"",0.0,0.0,,0.0774,"",-73830.0,-100.0,soldall,0.0000000,Q2 2016,COMMUNICATIONS,"","",147.9654
Borg warner inc,BWA,"",0.0,0.0,,0.1232,"",-358448.0,-100.0,soldall,0.0000000,Q4 2015,CONSUMER DISCRETIONARY,"","",44.2664
Masco corp.,MAS,"",0.0,0.0,,0.0653,"",-249478.0,-100.0,soldall,0.0000000,Q1 2014,INDUSTRIALS,"","",33.5468
United technologies corp. (united aircraft corp.),UTX,"",0.0,0.0,,0.014,"",-18028.0,-100.0,soldall,0.0000000,Q2 2017,INDUSTRIALS,"","",122.11
Owens-il inc,OI,"",0.0,0.0,,0.0014,"",-8266.0,-100.0,soldall,0.0000000,Q2 2015,MATERIALS,"","",23.92
Charles river laboratories international inc,CRL,"",0.0,0.0,,0.0019,"",-2574.0,-100.0,soldall,0.0000000,Q2 2017,HEALTH CARE,"","",101.15
Hanesbrands  inc.,HBI,"",0.0,0.0,,0.004,"",-24463.0,-100.0,soldall,0.0000000,Q3 2017,CONSUMER DISCRETIONARY,"","",24.64
Capital one financial corp,COF,"",0.0,0.0,,0.0072,"",-12617.0,-100.0,soldall,0.0000000,Q2 2016,FINANCE,"","",86.66
Home depot  inc. (the),HD,"",0.0,0.0,,0.0029,"",-2597.0,-100.0,soldall,0.0000000,Q3 2017,CONSUMER DISCRETIONARY,"","",163.56
Philip morris international inc,PM,"",0.0,0.0,,0.0111,"",-14901.0,-100.0,soldall,0.0000000,Q3 2017,CONSUMER STAPLES,"","",111.01
Pinnacle west capital corp,PNW,"",0.0,0.0,,0.0103,"",-18171.0,-100.0,soldall,0.0000000,Q2 2017,UTILITIES AND TELECOMMUNICATIONS,"","",84.7769
Motorola solutions inc,MSI,"",0.0,0.0,,0.0523,"",-91922.0,-100.0,soldall,0.0000000,Q1 2016,INFORMATION TECHNOLOGY,"","",86.0664
V.f. corp. (vanity fair mills inc.),VFC,"",0.0,0.0,,0.0347,"",-86378.83,-100.0,soldall,0.0000000,Q3 2017,CONSUMER DISCRETIONARY,"","",63.57
Laboratory corp of america holdings,LH,"",0.0,0.0,,0.0432,"",-42662.0,-100.0,soldall,0.0000000,Q3 2017,HEALTH CARE,"","",150.97
Westrock co,WRK,"",0.0,0.0,,0.004,"",-10396.0,-100.0,soldall,0.0000000,Q3 2017,MATERIALS,"","",56.73
Nike inc.,NKE,"",0.0,0.0,,0.0156,"",-44766.0,-100.0,soldall,0.0000000,Q3 2017,CONSUMER DISCRETIONARY,"","",51.85
Netapp inc.,NTAP,"",0.0,0.0,,0.0804,"",-274012.0,-100.0,soldall,0.0000000,Q3 2012,INFORMATION TECHNOLOGY,"","",40.0007
Mastercard inc,MA,"",0.0,0.0,,0.0518,"",-54677.0,-100.0,soldall,0.0000000,Q3 2017,FINANCE,"","",141.2
Cms energy corp. (consumers power co.),CMS,"",0.0,0.0,,0.0079,"",-25542.0,-100.0,soldall,0.0000000,Q3 2017,UTILITIES AND TELECOMMUNICATIONS,"","",46.32
Danaher corp.,DHR,"",0.0,0.0,,0.0108,"",-18745.0,-100.0,soldall,0.0000000,Q1 2014,HEALTH CARE,"","",85.78
Jabil inc,JBL,"",0.0,0.0,,0.0264,"",-137728.0,-100.0,soldall,0.0000000,Q2 2017,INFORMATION TECHNOLOGY,"","",28.5849
Campbell soup co.,CPB,"",0.0,0.0,,0.033,"",-105111.0,-100.0,soldall,0.0000000,Q4 2014,CONSUMER STAPLES,"","",52.1716
Viacom inc.  class b,VIAB,"",0.0,0.0,,0.0853,"",-456647.0,-100.0,soldall,0.0000000,Q3 2017,COMMUNICATIONS,"","",27.84
Unitedhealth group inc.,UNH,"",0.0,0.0,,0.0059,"",-4492.0,-100.0,soldall,0.0000000,Q1 2014,HEALTH CARE,"","",160.04
Cummins inc,CMI,"",0.0,0.0,,0.0303,"",-26924.0,-100.0,soldall,0.0000000,Q3 2017,INDUSTRIALS,"","",168.03
Site centers corp. (developers diversified realty - ddr corp.),SITC,"",0.0,0.0,,0.0083,"",-82057.36,-100.0,soldall,0.0000000,Q3 2016,REAL ESTATE,"","",15.1107
Deere & co.,DE,"",0.0,0.0,,0.027,"",-32041.0,-100.0,soldall,0.0000000,Q1 2017,INDUSTRIALS,"","",110.2969
Tyson foods  inc.,TSN,"",0.0,0.0,,0.083,"",-175685.0,-100.0,soldall,0.0000000,Q2 2016,CONSUMER STAPLES,"","",64.2279
Centurylink inc,CTL,"",0.0,0.0,,0.0131,"",-103619.0,-100.0,soldall,0.0000000,Q1 2015,UTILITIES AND TELECOMMUNICATIONS,"","",18.9
Hartford financial services group,HIG,"",0.0,0.0,,0.0079,"",-21211.0,-100.0,soldall,0.0000000,Q3 2017,FINANCE,"","",55.43
Nvidia corp.,NVDA,"",0.0,0.0,,0.032,"",-26708.0,-100.0,soldall,0.0000000,Q3 2017,INFORMATION TECHNOLOGY,"","",178.77
Mohawk industries inc.,MHK,"",0.0,0.0,,0.0184,"",-11068.0,-100.0,soldall,0.0000000,Q3 2017,CONSUMER DISCRETIONARY,"","",247.51
Cooper companies (the),COO,"",0.0,0.0,,0.0036,"",-2293.0,-100.0,soldall,0.0000000,Q3 2017,HEALTH CARE,"","",237.11
Essex property trust  inc.,ESS,"",0.0,0.0,,0.0096,"",-5647.0,-100.0,soldall,0.0000000,Q3 2017,REAL ESTATE,"","",254.03
Activision blizzard inc,ATVI,"",0.0,0.0,,0.0488,"",-112799.0,-100.0,soldall,0.0000000,Q3 2017,INFORMATION TECHNOLOGY,"","",64.51
Waters corporation,WAT,"",0.0,0.0,,0.0112,"",-9297.0,-100.0,soldall,0.0000000,Q3 2017,HEALTH CARE,"","",179.52
Henry (jack) & associates  inc.,JKHY,"",0.0,0.0,,0.0016,"",-2315.0,-100.0,soldall,0.0000000,Q1 2015,INFORMATION TECHNOLOGY,"","",103.87
Everest re group ltd.,RE,"",0.0,0.0,,0.0151,"",-9864.0,-100.0,soldall,0.0000000,Q3 2017,FINANCE,"","",228.39
Grainger (w.w.) inc.,GWW,"",0.0,0.0,,0.0262,"",-21711.0,-100.0,soldall,0.0000000,Q4 2015,INDUSTRIALS,"","",222.5552
